{"count":1,"self":46.6068512,"total":146.299531,"children":{"InitializeActuators":{"count":220,"self":0.004585,"total":0.004585,"children":null},"InitializeSensors":{"count":220,"self":0.016159,"total":0.016159,"children":null},"AgentSendState":{"count":698,"self":13.2967208,"total":24.165131,"children":{"CollectObservations":{"count":151429,"self":2.562214,"total":2.562214,"children":null},"WriteActionMask":{"count":151428,"self":0.376428,"total":0.376428,"children":null},"RequestDecision":{"count":151428,"self":1.056117,"total":7.9297679999999993,"children":{"AgentInfo.ToProto":{"count":151428,"self":1.018255,"total":6.873651,"children":{"GenerateSensorData":{"count":151428,"self":5.388564,"total":5.855396,"children":{"RayPerceptionSensor.Perceive":{"count":151428,"self":0.46683199999999997,"total":0.46683199999999997,"children":null}}}}}}}}},"DecideAction":{"count":697,"self":74.9919744,"total":74.991976,"children":null},"AgentAct":{"count":697,"self":0.48694099999999996,"total":0.49114399999999997,"children":{"AgentInfo.ToProto":{"count":111,"self":0.0007,"total":0.004203,"children":{"GenerateSensorData":{"count":111,"self":0.003152,"total":0.003503,"children":{"RayPerceptionSensor.Perceive":{"count":111,"self":0.00035099999999999997,"total":0.00035099999999999997,"children":null}}}}}}},"AgentInfo.ToProto":{"count":313,"self":0.004612,"total":0.021651999999999998,"children":{"GenerateSensorData":{"count":313,"self":0.015588,"total":0.01704,"children":{"RayPerceptionSensor.Perceive":{"count":313,"self":0.001452,"total":0.001452,"children":null}}}}}},"gauges":{"BrainBlyb.CumulativeReward":{"count":217,"max":1.42263424,"min":-0.89053005,"runningAverage":0.6380897,"value":0.9925679,"weightedAverage":0.7246004},"BrainBlob.CumulativeReward":{"count":195,"max":0.997027159,"min":-0.9625128,"runningAverage":0.586526632,"value":0.730355859,"weightedAverage":0.7069219},"BrainBlub.CumulativeReward":{"count":6,"max":1.09505808,"min":1.02173,"runningAverage":1.05294228,"value":1.09505808,"weightedAverage":1.05663335}},"metadata":{"timer_format_version":"0.1.0","start_time_seconds":"1644931107","unity_version":"2020.3.17f1","command_line_arguments":"\/Applications\/2020.3.17f1\/Unity.app\/Contents\/MacOS\/Unity -projectpath \/Users\/Amanda\/UnityProjects\/blob bucket updated -useHub -hubIPC -cloudEnvironment production -licensingIpc LicenseClient-Amanda -hubSessionId 1c965710-81f8-11ec-b873-d581b0be88c9 -accessToken QTSKOdaBo1rmV9KJ4Y7Xqi2Qz0KzKt5lxdMSfgEX53k005f","communication_protocol_version":"1.5.0","com.unity.ml-agents_version":"2.0.1","scene_name":"blob bucket","end_time_seconds":"1644931253"}}
